facility name,sales region,type of facility,operator,country,city,zip_code,street,airhub,railhub,crossdock
Maï,Ryott,bankcard,Hemmorrhoids,United States,Phoenix,2865,02 Carey Street,16,186,9
Geneviève,Ballantine,switch,ibuprofen pm,Vietnam,Thị Trấn Thất Khê,8395,49 Loomis Drive,62,798,1
Kuí,Lynnett,visa,Trazodone Hydrochloride,Portugal,Touguinha,2918,3 Florence Avenue,42,399,1
Pò,Herche,visa,Naproxen Sodium,Kenya,Konza,6551,8407 Monica Circle,22,244,4
Cinéma,Weekly,solo,PediaVent,Brazil,Novo Aripuanã,7243,86 Schurz Crossing,58,243,6
Frédérique,Coulthard,diners-club-carte-blanche,Methazolamide,Russia,Shalakusha,6365,3 Bonner Street,22,457,10
Méline,Calkin,jcb,Hydrochlorothiazide,Greece,Langádhia,9983,57180 Lakeland Alley,55,212,8
Maëlys,Birckmann,instapayment,Lobelia Quercus,Philippines,Mayantoc,7214,81 Laurel Place,73,310,3
Loïc,Pirelli,maestro,Exuviance CoverBlend Skin Caring Foundation,Tajikistan,Vose’,8313,507 Anthes Drive,99,933,6
Marie-thérèse,Linggard,diners-club-carte-blanche,DiorSkin Nude 032 Sable Rose,Swaziland,Tshaneni,7478,34 Washington Avenue,26,770,6
Aloïs,Instock,diners-club-carte-blanche,ARNICA MONTANA,China,Chenxikou,4465,4 Westport Pass,36,262,5
Åsa,McSparran,diners-club-us-ca,glimepiride,Portugal,Abrantes,4261,82255 Northfield Trail,71,348,5
Mégane,Derrington,visa-electron,Bupropion Hydrochloride,China,Fuji,9699,0524 Nancy Way,45,258,7
Almérinda,Fawlo,americanexpress,Alprazolam,Colombia,Baranoa,2460,6 8th Avenue,27,340,4
Géraldine,Zamora,maestro,PORK,Japan,Yoshikawa,9911,816 Bluejay Place,48,376,8
Athéna,Thewles,jcb,Methylprednisolone Acetate,Bosnia and Herzegovina,Milići,4005,7950 Lotheville Pass,97,283,5
Eléonore,O'Gormally,diners-club-enroute,Herring,Cyprus,Lefkoniko,9761,11 Mosinee Place,97,740,10
Naëlle,Meltetal,jcb,SUN Solar Defense Oil-free Gel SPF 15,China,Tiemen,8402,389 Dwight Plaza,29,249,8
Léone,O'Lochan,mastercard,Acetaminophen,China,Longtang,3067,23523 Prentice Park,91,865,8
Rébecca,Assender,mastercard,Atenolol and Chlorthalidone,Brazil,Encruzilhada do Sul,7016,013 Lake View Crossing,95,237,1
Joséphine,Hauck,jcb,Tincture Merthiolate,Poland,Cegłów,1959,632 Orin Place,35,358,10
Naéva,Gallyhaock,jcb,Multi-Vitamin Fluoride Drops,Indonesia,Watuka,3567,30 Leroy Park,78,301,1
Aimée,Gostall,diners-club-carte-blanche,equate flu and severe cold and cough,Thailand,Pa Tio,5255,845 Kedzie Junction,92,446,9
Médiamass,Ramelot,jcb,Timoptic,Philippines,Matiao,1130,32133 Stephen Circle,27,791,7
Andréa,Coche,jcb,Nauzene,China,Longba,2829,50581 Gerald Point,52,826,9
Amélie,Cristofano,visa-electron,Isopropyl Alcohol,Portugal,Água Levada,1772,68603 Weeping Birch Crossing,92,344,6
Geneviève,Wehnerr,jcb,EB301CT BRUISE PAIN RELIEF,Russia,Kamenka,4238,4 Hallows Park,14,403,2
Méng,Dearlove,jcb,Levocetirizine Dihydrochloride,Indonesia,Lokatadho,3893,244 Warner Street,55,531,10
Nélie,Bullin,diners-club-international,Rimmel London,China,Baishan,5474,526 Carioca Parkway,47,222,4
Eléonore,Grayston,bankcard,Tension Headache Relief,Russia,Kudymkar,3596,42 Knutson Pass,99,760,8
Ruì,Bettles,china-unionpay,Spascupreel,Ukraine,Mirovka,4949,8916 Burrows Pass,25,968,5
Gwenaëlle,Trickey,jcb,Pantoprazole Sodium,China,Youludu Sibage,5914,05129 International Pass,29,943,8
Cécilia,Ledrun,visa-electron,Pure Relief,Portugal,Mina de São Domingos,5222,800 Morrow Terrace,10,983,7
Eléonore,Drynan,switch,LBEL,Belarus,Narach,3845,43 Kennedy Crossing,98,622,9
Håkan,Hubbuck,jcb,Caulophyllum Thal Kit Refill,Peru,Churubamba,5679,12 Towne Hill,58,508,6
Océane,Tilzey,mastercard,Assured Hand Sanitizer With Moisturizers,Argentina,Las Parejas,1972,59516 Northwestern Way,60,893,9
Eugénie,Brandenberg,mastercard,In-111 DTPA,Portugal,Marteleira,5337,21077 Katie Hill,65,922,1
Nélie,Husband,jcb,Prednisone,Sweden,Skellefteå,9697,619 Southridge Parkway,89,768,8
Camélia,Siviter,jcb,Roccos Old School,China,Yangtan,9638,0 Manley Lane,81,597,5
Illustrée,Causley,mastercard,Quinapril,Indonesia,Ambarawa,8279,07 Sloan Way,21,146,10
Séverine,Risely,americanexpress,Diovan HCT,Namibia,Omuthiya,9301,8141 Summer Ridge Street,32,471,1
Judicaël,Attle,diners-club-international,Topiramate,Argentina,Villa Bustos,4950,99 8th Crossing,86,483,7
Nélie,Rzehor,jcb,Bedwetting,Comoros,Mkiriwadjumoi,3767,29 Del Sol Road,98,181,2
Hélène,Toderi,switch,Oxycodone Hydrochloride,Dominican Republic,Pedro Sánchez,2853,73 Harper Terrace,34,137,4
Lài,Tollow,diners-club-enroute,Coppertone Sensitive Skin,Iraq,Al Mawşil al Jadīdah,1917,65 Sycamore Lane,99,420,9
Dù,Beams,jcb,DermaCare,China,Zhiqing Songduo,7006,78 Meadow Valley Parkway,29,213,3
Faîtes,Laurant,jcb,CLE DE PEAU BEAUTE,Ukraine,Kalanchak,4589,24 Columbus Hill,89,453,6
Garçon,Obray,china-unionpay,Leader Premenstrual,Ukraine,Ozerne,9337,852 Luster Hill,70,667,5
Noëlla,McGowran,china-unionpay,PROCHLORPERAZINE MALEATE,"Bonaire, Saint Eustatius and Saba ",Oranjestad,8940,7 Chive Parkway,41,315,1
Cinéma,Shawyers,americanexpress,"Butalbital, Aspirin and Caffeine Tablets",Greece,Argostólion,8277,3646 Oriole Point,70,125,4
Cinéma,Kingsnorth,solo,LEVOTHYROXINE SODIUM,United Kingdom,Bradford,2695,5750 Lotheville Circle,43,379,3
Mélia,Mallindine,jcb,Members Mark clearlax,Philippines,Gumalang,3107,538 Londonderry Trail,38,976,2
Athéna,Bartle,jcb,Dry Idea A.Dry Antiperspirant Unscented,Czech Republic,Sobotín,6200,57 Shoshone Pass,42,621,10
Lucrèce,Bilt,jcb,Hydrocodone Bitartrate And Acetaminophen,Chile,Viña del Mar,2514,16 Crownhardt Plaza,38,974,5
Maëlann,Heales,jcb,Apis Homaccord,Austria,Wien,8023,22735 Marquette Terrace,34,731,5
Dà,Ortler,jcb,Live Better,France,Avignon,1395,5291 Pearson Center,51,213,7
Loïca,Arnauduc,mastercard,Body Luxuries Waterless Hand Sanitizer,Portugal,Portela,9987,8997 Union Drive,17,707,2
Maïlys,Croux,jcb,Live Better,Sweden,Gävle,7427,9695 Talmadge Hill,81,182,7
Mélia,Annion,americanexpress,Buprenorphine Hydrochloride,Indonesia,Burujul,4330,336 Banding Road,81,765,4
Maëline,Alexandrou,jcb,Diclofenac Sodium,Portugal,Constance,7909,39 Scofield Lane,21,691,9
Pål,Bywater,jcb,Invisible Pain,China,Shuhe,9022,38 Waxwing Junction,92,303,1
Solène,Maile,china-unionpay,Levofloxacin,Liberia,Buchanan,7505,226 Cody Hill,20,464,2
Vérane,Dyke,jcb,AMITRIPTYLINE HYDROCHLORIDE,Serbia,Dobrica,4393,2338 Mosinee Road,12,151,3
Réservés,Iwanczyk,jcb,MENHIBRIX,China,Guishan,9300,595 Fieldstone Junction,62,283,7
Maïwenn,Cleere,jcb,Guinea Pig Epithelium,Indonesia,Cikondang,9202,8537 Gerald Circle,83,178,8
Crééz,Mytton,mastercard,FERROUS SULFATE,Iran,Mahābād,3671,78 Sommers Drive,25,342,8
Audréanne,Rembaud,jcb,HYDROCODONE BITARTRATE AND ACETAMINOPHEN,Argentina,Laboulaye,2464,61 Cherokee Parkway,66,779,5
Marlène,Gronno,diners-club-international,Sprayology Arnica Power 3,Indonesia,Ngrambitan,2339,660 Maryland Trail,54,503,5
Desirée,Barthropp,jcb,Soma,France,Lyon,4444,9713 John Wall Junction,95,636,5
Yú,Swatland,bankcard,Clonidine Hydrochloride,China,Sanzhou,4114,43 Mandrake Center,57,288,3
Yénora,Doore,jcb,METRONIDAZOLE,Colombia,Chinú,8530,13 Morningstar Street,26,379,6
Lóng,O'Henecan,jcb,Carbamazepine,China,Pinglin,7513,05426 Fisk Court,43,731,4
Gaëlle,Scimoni,mastercard,PROVIGIL,Zimbabwe,Kadoma,6504,09 Tennyson Alley,86,696,4
Göran,Lunnon,diners-club-carte-blanche,SERTRALINE HYDROCHLORIDE,South Korea,Kijang,7734,531 Everett Alley,85,632,5
Méryl,Gunthorp,maestro,equate daytime nitetime,Brazil,Gameleira,5986,5210 Blue Bill Park Crossing,23,129,2
Lài,Rooper,jcb,Amoxicillin,Colombia,Sevilla,3814,72 Lindbergh Road,26,706,7
Danièle,Mullaly,diners-club-enroute,Listerine Naturals Antiseptic - Herbal Mint,Philippines,Isla,6617,91155 Center Alley,81,538,9
Kévina,Meek,mastercard,Anew Clinical,China,Dabao,6271,5334 Cambridge Trail,63,822,8
Eloïse,Jenney,jcb,Head and Shoulders,Morocco,Tidili Mesfioua,5709,25 Bonner Alley,23,963,4
Cléopatre,Revans,americanexpress,Degree,Japan,Inuotose,3877,8 Cody Trail,64,834,8
Ráo,Kencott,jcb,OxyContin,Indonesia,Bendo,8661,18 Rieder Drive,71,348,5
Danièle,Genike,diners-club-enroute,Dicloxacillin Sodium,Czech Republic,Valašská Bystřice,7847,090 Dryden Road,84,871,6
Åsa,Dy,americanexpress,Topcare ZZZ Sleep,Japan,Fukura,2931,3 Carioca Center,81,901,4
Célia,Brayshaw,jcb,Propranolol Hydrochloride,Azerbaijan,Bilajari,2203,525 Stoughton Way,65,940,3
Kallisté,Ditter,jcb,Levetiracetam,Poland,Jemielno,6754,7233 2nd Plaza,42,599,3
Anaëlle,Soitoux,jcb,Promethazine Hydrochloride,Russia,Strelitsa,1775,3335 Londonderry Plaza,98,526,5
Maëlla,Wright,americanexpress,Petroleum Jelly with Coconut and Aloe,Russia,Saint Petersburg,2691,07 3rd Trail,96,714,8
Liè,Egdale,jcb,Desipramine Hydrochloride,Ukraine,Zgurovka,8777,433 Hallows Park,91,564,4
Salomé,Templman,bankcard,Cyclobenzaprine Hydrochloride,Germany,Duisburg,6387,64959 Dottie Junction,60,920,9
Gaïa,Worlidge,jcb,SENSODYNE,Luxembourg,Clervaux,9023,58686 Marcy Hill,26,539,3
Maëlla,Prickett,switch,SMITH BROS WILD CHERRY Throat Drops,Yemen,Ta‘izz,6355,36 Grayhawk Park,11,549,10
Anaé,Addionisio,jcb,DDF Ultra-Lite Oil-Free Moisturizing Dew,Philippines,Salcedo,6857,06 Thackeray Trail,25,706,4
Régine,Pitcaithly,mastercard,Azithromycin,Kazakhstan,Atbasar,1578,9 Vidon Crossing,53,518,1
Célestine,Ajsik,mastercard,Divalproex Sodium,Japan,Sendai-shi,9782,1614 Independence Court,17,749,9
Renée,Southard,jcb,"Molds, Rusts and Smuts, Hormodendrum cladosporioides",Philippines,Carmen,8172,217 7th Alley,90,757,9
Léandre,Rainbird,maestro,Calendula Healing,Indonesia,Kapinango,3408,8104 Alpine Road,42,476,3
Félicie,Rubee,maestro,SUYAN JEONGBAEK,Canada,North Vancouver,8408,0953 Hanover Drive,85,534,2
Nuó,Drayn,jcb,Clear Eyes Triple Action,Sweden,Ljungby,2085,077 Mandrake Pass,32,247,4
Bécassine,Ginger,jcb,Topiramate,Czech Republic,Jablonec nad Nisou,4094,4 Rowland Junction,51,634,9
Maïlis,Bloxam,americanexpress,Garlic,China,Cuozheqiangma,3303,559 Manitowish Avenue,15,672,10
